[
    {
        "pk": 1, 
        "model": "submissions.language", 
        "fields": {
            "language": "English"
        }
    }, 
    {
        "pk": 2, 
        "model": "submissions.language", 
        "fields": {
            "language": "French"
        }
    },
    {
        "pk": 1, 
        "model": "submissions.agency", 
        "fields": {
            "type": "Agency", 
            "agency": "AusAID", 
            "display_name": "AUSAID"
        }
    }, 
    {
        "pk": 3, 
        "model": "submissions.agency", 
        "fields": {
            "type": "Agency", 
            "agency": "Belgium", 
            "display_name": "BELGIUM"
        }
    }, 
    {
        "pk": 4, 
        "model": "submissions.agency", 
        "fields": {
            "type": "Agency", 
            "agency": "EC", 
            "display_name": "THE EUROPEAN COMMISSION"
        }
    }, 
    {
        "pk": 6, 
        "model": "submissions.agency", 
        "fields": {
            "type": "Agency", 
            "agency": "GAVI", 
            "display_name": "THE GAVI ALLIANCE"
        }
    }, 
    {
        "pk": 7, 
        "model": "submissions.agency", 
        "fields": {
            "type": "Agency", 
            "agency": "GFATM", 
            "display_name": "THE GLOBAL FUND TO FIGHT AIDS, TB & MALARIA"
        }
    }, 
    {
        "pk": 20, 
        "model": "submissions.agency", 
        "fields": {
            "type": "Agency", 
            "agency": "Netherlands", 
            "display_name": "THE NETHERLANDS"
        }
    }, 
    {
        "pk": 21, 
        "model": "submissions.agency", 
        "fields": {
            "type": "Agency", 
            "agency": "Norway", 
            "display_name": "NORWAY"
        }
    }, 
    {
        "pk": 22, 
        "model": "submissions.agency", 
        "fields": {
            "type": "Agency", 
            "agency": "Spain", 
            "display_name": "SPAIN"
        }
    }, 
    {
        "pk": 23, 
        "model": "submissions.agency", 
        "fields": {
            "type": "Agency", 
            "agency": "Sweden", 
            "display_name": "SWEDEN"
        }
    }, 
    {
        "pk": 24, 
        "model": "submissions.agency", 
        "fields": {
            "type": "Agency", 
            "agency": "UK", 
            "display_name": "THE UNITED KINGDOM"
        }
    }, 
    {
        "pk": 25, 
        "model": "submissions.agency", 
        "fields": {
            "type": "Agency", 
            "agency": "UNAIDS", 
            "display_name": "UNAIDS"
        }
    }, 
    {
        "pk": 26, 
        "model": "submissions.agency", 
        "fields": {
            "type": "Agency", 
            "agency": "UNFPA", 
            "display_name": "UNFPA"
        }
    }, 
    {
        "pk": 27, 
        "model": "submissions.agency", 
        "fields": {
            "type": "Agency", 
            "agency": "UNICEF", 
            "display_name": "UNICEF"
        }
    }, 
    {
        "pk": 28, 
        "model": "submissions.agency", 
        "fields": {
            "type": "Agency", 
            "agency": "WHO", 
            "display_name": "THE WORLD HEALTH ORGANIZATION"
        }
    }, 
    {
        "pk": 29, 
        "model": "submissions.agency", 
        "fields": {
            "type": "Agency", 
            "agency": "World Bank", 
            "display_name": "THE WORLD BANK"
        }
    }, 
    {
        "pk": 46, 
        "model": "submissions.agency", 
        "fields": {
            "type": "Agency", 
            "agency": "AfDB", 
            "display_name": "African Development Bank"
        }
    }, 
    {
        "pk": 47, 
        "model": "submissions.agency", 
        "fields": {
            "type": "Agency", 
            "agency": "Germany", 
            "display_name": "Germany"
        }
    }, 
    {
        "pk": 1, 
        "model": "submissions.country", 
        "fields": {
            "country": "Nepal", 
            "description": ""
        }
    }, 
    {
        "pk": 2, 
        "model": "submissions.country", 
        "fields": {
            "country": "DRC", 
            "description": ""
        }
    }, 
    {
        "pk": 3, 
        "model": "submissions.country", 
        "fields": {
            "country": "Burundi", 
            "description": ""
        }
    }, 
    {
        "pk": 4, 
        "model": "submissions.country", 
        "fields": {
            "country": "Burkina Faso", 
            "description": ""
        }
    }, 
    {
        "pk": 5, 
        "model": "submissions.country", 
        "fields": {
            "country": "Djibouti", 
            "description": ""
        }
    }, 
    {
        "pk": 6, 
        "model": "submissions.country", 
        "fields": {
            "country": "Ethiopia", 
            "description": ""
        }
    }, 
    {
        "pk": 8, 
        "model": "submissions.country", 
        "fields": {
            "country": "Mali", 
            "description": ""
        }
    }, 
    {
        "pk": 9, 
        "model": "submissions.country", 
        "fields": {
            "country": "Mozambique", 
            "description": ""
        }
    }, 
    {
        "pk": 10, 
        "model": "submissions.country", 
        "fields": {
            "country": "Niger", 
            "description": ""
        }
    }, 
    {
        "pk": 11, 
        "model": "submissions.country", 
        "fields": {
            "country": "Nigeria", 
            "description": ""
        }
    }, 
    {
        "pk": 12, 
        "model": "submissions.country", 
        "fields": {
            "country": "Benin", 
            "description": ""
        }
    }, 
    {
        "pk": 13, 
        "model": "submissions.country", 
        "fields": {
            "country": "El Salvador", 
            "description": ""
        }
    }, 
    {
        "pk": 14, 
        "model": "submissions.country", 
        "fields": {
            "country": "Mauritania", 
            "description": ""
        }
    }, 
    {
        "pk": 15, 
        "model": "submissions.country", 
        "fields": {
            "country": "Rwanda", 
            "description": ""
        }
    }, 
    {
        "pk": 16, 
        "model": "submissions.country", 
        "fields": {
            "country": "Senegal", 
            "description": ""
        }
    }, 
    {
        "pk": 17, 
        "model": "submissions.country", 
        "fields": {
            "country": "Sierra Leone", 
            "description": ""
        }
    }, 
    {
        "pk": 18, 
        "model": "submissions.country", 
        "fields": {
            "country": "Sudan", 
            "description": ""
        }
    }, 
    {
        "pk": 19, 
        "model": "submissions.country", 
        "fields": {
            "country": "Togo", 
            "description": ""
        }
    }, 
    {
        "pk": 20, 
        "model": "submissions.country", 
        "fields": {
            "country": "Uganda", 
            "description": ""
        }
    }, 
    {
        "pk": 1, 
        "model": "submissions.agencycountries", 
        "fields": {
            "country": 1, 
            "agency": 1
        }
    }, 
    {
        "pk": 2, 
        "model": "submissions.agencycountries", 
        "fields": {
            "country": 9, 
            "agency": 3
        }
    }, 
    {
        "pk": 3, 
        "model": "submissions.agencycountries", 
        "fields": {
            "country": 3, 
            "agency": 3
        }
    }, 
    {
        "pk": 4, 
        "model": "submissions.agencycountries", 
        "fields": {
            "country": 2, 
            "agency": 3
        }
    }, 
    {
        "pk": 5, 
        "model": "submissions.agencycountries", 
        "fields": {
            "country": 8, 
            "agency": 3
        }
    }, 
    {
        "pk": 7, 
        "model": "submissions.agencycountries", 
        "fields": {
            "country": 11, 
            "agency": 4
        }
    }, 
    {
        "pk": 8, 
        "model": "submissions.agencycountries", 
        "fields": {
            "country": 9, 
            "agency": 4
        }
    }, 
    {
        "pk": 9, 
        "model": "submissions.agencycountries", 
        "fields": {
            "country": 3, 
            "agency": 4
        }
    }, 
    {
        "pk": 10, 
        "model": "submissions.agencycountries", 
        "fields": {
            "country": 2, 
            "agency": 4
        }
    }, 
    {
        "pk": 11, 
        "model": "submissions.agencycountries", 
        "fields": {
            "country": 11, 
            "agency": 6
        }
    }, 
    {
        "pk": 12, 
        "model": "submissions.agencycountries", 
        "fields": {
            "country": 9, 
            "agency": 6
        }
    }, 
    {
        "pk": 13, 
        "model": "submissions.agencycountries", 
        "fields": {
            "country": 3, 
            "agency": 6
        }
    }, 
    {
        "pk": 14, 
        "model": "submissions.agencycountries", 
        "fields": {
            "country": 2, 
            "agency": 6
        }
    }, 
    {
        "pk": 15, 
        "model": "submissions.agencycountries", 
        "fields": {
            "country": 4, 
            "agency": 6
        }
    }, 
    {
        "pk": 16, 
        "model": "submissions.agencycountries", 
        "fields": {
            "country": 6, 
            "agency": 6
        }
    }, 
    {
        "pk": 17, 
        "model": "submissions.agencycountries", 
        "fields": {
            "country": 8, 
            "agency": 6
        }
    }, 
    {
        "pk": 18, 
        "model": "submissions.agencycountries", 
        "fields": {
            "country": 1, 
            "agency": 6
        }
    }, 
    {
        "pk": 19, 
        "model": "submissions.agencycountries", 
        "fields": {
            "country": 5, 
            "agency": 6
        }
    }, 
    {
        "pk": 20, 
        "model": "submissions.agencycountries", 
        "fields": {
            "country": 10, 
            "agency": 6
        }
    }, 
    {
        "pk": 21, 
        "model": "submissions.agencycountries", 
        "fields": {
            "country": 11, 
            "agency": 7
        }
    }, 
    {
        "pk": 22, 
        "model": "submissions.agencycountries", 
        "fields": {
            "country": 9, 
            "agency": 7
        }
    }, 
    {
        "pk": 23, 
        "model": "submissions.agencycountries", 
        "fields": {
            "country": 3, 
            "agency": 7
        }
    }, 
    {
        "pk": 24, 
        "model": "submissions.agencycountries", 
        "fields": {
            "country": 2, 
            "agency": 7
        }
    }, 
    {
        "pk": 25, 
        "model": "submissions.agencycountries", 
        "fields": {
            "country": 4, 
            "agency": 7
        }
    }, 
    {
        "pk": 26, 
        "model": "submissions.agencycountries", 
        "fields": {
            "country": 6, 
            "agency": 7
        }
    }, 
    {
        "pk": 27, 
        "model": "submissions.agencycountries", 
        "fields": {
            "country": 8, 
            "agency": 7
        }
    }, 
    {
        "pk": 28, 
        "model": "submissions.agencycountries", 
        "fields": {
            "country": 1, 
            "agency": 7
        }
    }, 
    {
        "pk": 29, 
        "model": "submissions.agencycountries", 
        "fields": {
            "country": 5, 
            "agency": 7
        }
    }, 
    {
        "pk": 30, 
        "model": "submissions.agencycountries", 
        "fields": {
            "country": 10, 
            "agency": 7
        }
    }, 
    {
        "pk": 31, 
        "model": "submissions.agencycountries", 
        "fields": {
            "country": 4, 
            "agency": 30
        }
    }, 
    {
        "pk": 32, 
        "model": "submissions.agencycountries", 
        "fields": {
            "country": 3, 
            "agency": 31
        }
    }, 
    {
        "pk": 33, 
        "model": "submissions.agencycountries", 
        "fields": {
            "country": 5, 
            "agency": 32
        }
    }, 
    {
        "pk": 34, 
        "model": "submissions.agencycountries", 
        "fields": {
            "country": 2, 
            "agency": 33
        }
    }, 
    {
        "pk": 35, 
        "model": "submissions.agencycountries", 
        "fields": {
            "country": 6, 
            "agency": 34
        }
    }, 
    {
        "pk": 36, 
        "model": "submissions.agencycountries", 
        "fields": {
            "country": 8, 
            "agency": 35
        }
    }, 
    {
        "pk": 37, 
        "model": "submissions.agencycountries", 
        "fields": {
            "country": 9, 
            "agency": 36
        }
    }, 
    {
        "pk": 38, 
        "model": "submissions.agencycountries", 
        "fields": {
            "country": 1, 
            "agency": 37
        }
    }, 
    {
        "pk": 39, 
        "model": "submissions.agencycountries", 
        "fields": {
            "country": 10, 
            "agency": 38
        }
    }, 
    {
        "pk": 40, 
        "model": "submissions.agencycountries", 
        "fields": {
            "country": 11, 
            "agency": 39
        }
    }, 
    {
        "pk": 45, 
        "model": "submissions.agencycountries", 
        "fields": {
            "country": 11, 
            "agency": 21
        }
    }, 
    {
        "pk": 46, 
        "model": "submissions.agencycountries", 
        "fields": {
            "country": 10, 
            "agency": 22
        }
    }, 
    {
        "pk": 47, 
        "model": "submissions.agencycountries", 
        "fields": {
            "country": 9, 
            "agency": 22
        }
    }, 
    {
        "pk": 48, 
        "model": "submissions.agencycountries", 
        "fields": {
            "country": 6, 
            "agency": 22
        }
    }, 
    {
        "pk": 49, 
        "model": "submissions.agencycountries", 
        "fields": {
            "country": 8, 
            "agency": 22
        }
    }, 
    {
        "pk": 50, 
        "model": "submissions.agencycountries", 
        "fields": {
            "country": 9, 
            "agency": 23
        }
    }, 
    {
        "pk": 53, 
        "model": "submissions.agencycountries", 
        "fields": {
            "country": 4, 
            "agency": 23
        }
    }, 
    {
        "pk": 54, 
        "model": "submissions.agencycountries", 
        "fields": {
            "country": 6, 
            "agency": 23
        }
    }, 
    {
        "pk": 55, 
        "model": "submissions.agencycountries", 
        "fields": {
            "country": 8, 
            "agency": 23
        }
    }, 
    {
        "pk": 56, 
        "model": "submissions.agencycountries", 
        "fields": {
            "country": 11, 
            "agency": 24
        }
    }, 
    {
        "pk": 57, 
        "model": "submissions.agencycountries", 
        "fields": {
            "country": 9, 
            "agency": 24
        }
    }, 
    {
        "pk": 58, 
        "model": "submissions.agencycountries", 
        "fields": {
            "country": 3, 
            "agency": 24
        }
    }, 
    {
        "pk": 59, 
        "model": "submissions.agencycountries", 
        "fields": {
            "country": 6, 
            "agency": 24
        }
    }, 
    {
        "pk": 60, 
        "model": "submissions.agencycountries", 
        "fields": {
            "country": 1, 
            "agency": 24
        }
    }, 
    {
        "pk": 61, 
        "model": "submissions.agencycountries", 
        "fields": {
            "country": 11, 
            "agency": 25
        }
    }, 
    {
        "pk": 62, 
        "model": "submissions.agencycountries", 
        "fields": {
            "country": 9, 
            "agency": 25
        }
    }, 
    {
        "pk": 63, 
        "model": "submissions.agencycountries", 
        "fields": {
            "country": 3, 
            "agency": 25
        }
    }, 
    {
        "pk": 64, 
        "model": "submissions.agencycountries", 
        "fields": {
            "country": 2, 
            "agency": 25
        }
    }, 
    {
        "pk": 65, 
        "model": "submissions.agencycountries", 
        "fields": {
            "country": 4, 
            "agency": 25
        }
    }, 
    {
        "pk": 66, 
        "model": "submissions.agencycountries", 
        "fields": {
            "country": 6, 
            "agency": 25
        }
    }, 
    {
        "pk": 67, 
        "model": "submissions.agencycountries", 
        "fields": {
            "country": 8, 
            "agency": 25
        }
    }, 
    {
        "pk": 68, 
        "model": "submissions.agencycountries", 
        "fields": {
            "country": 1, 
            "agency": 25
        }
    }, 
    {
        "pk": 69, 
        "model": "submissions.agencycountries", 
        "fields": {
            "country": 5, 
            "agency": 25
        }
    }, 
    {
        "pk": 70, 
        "model": "submissions.agencycountries", 
        "fields": {
            "country": 10, 
            "agency": 25
        }
    }, 
    {
        "pk": 71, 
        "model": "submissions.agencycountries", 
        "fields": {
            "country": 11, 
            "agency": 26
        }
    }, 
    {
        "pk": 72, 
        "model": "submissions.agencycountries", 
        "fields": {
            "country": 9, 
            "agency": 26
        }
    }, 
    {
        "pk": 73, 
        "model": "submissions.agencycountries", 
        "fields": {
            "country": 3, 
            "agency": 26
        }
    }, 
    {
        "pk": 74, 
        "model": "submissions.agencycountries", 
        "fields": {
            "country": 2, 
            "agency": 26
        }
    }, 
    {
        "pk": 75, 
        "model": "submissions.agencycountries", 
        "fields": {
            "country": 4, 
            "agency": 26
        }
    }, 
    {
        "pk": 76, 
        "model": "submissions.agencycountries", 
        "fields": {
            "country": 6, 
            "agency": 26
        }
    }, 
    {
        "pk": 77, 
        "model": "submissions.agencycountries", 
        "fields": {
            "country": 8, 
            "agency": 26
        }
    }, 
    {
        "pk": 78, 
        "model": "submissions.agencycountries", 
        "fields": {
            "country": 1, 
            "agency": 26
        }
    }, 
    {
        "pk": 79, 
        "model": "submissions.agencycountries", 
        "fields": {
            "country": 5, 
            "agency": 26
        }
    }, 
    {
        "pk": 80, 
        "model": "submissions.agencycountries", 
        "fields": {
            "country": 10, 
            "agency": 26
        }
    }, 
    {
        "pk": 82, 
        "model": "submissions.agencycountries", 
        "fields": {
            "country": 9, 
            "agency": 27
        }
    }, 
    {
        "pk": 83, 
        "model": "submissions.agencycountries", 
        "fields": {
            "country": 3, 
            "agency": 27
        }
    }, 
    {
        "pk": 84, 
        "model": "submissions.agencycountries", 
        "fields": {
            "country": 2, 
            "agency": 27
        }
    }, 
    {
        "pk": 85, 
        "model": "submissions.agencycountries", 
        "fields": {
            "country": 4, 
            "agency": 27
        }
    }, 
    {
        "pk": 86, 
        "model": "submissions.agencycountries", 
        "fields": {
            "country": 6, 
            "agency": 27
        }
    }, 
    {
        "pk": 88, 
        "model": "submissions.agencycountries", 
        "fields": {
            "country": 1, 
            "agency": 27
        }
    }, 
    {
        "pk": 89, 
        "model": "submissions.agencycountries", 
        "fields": {
            "country": 5, 
            "agency": 27
        }
    }, 
    {
        "pk": 90, 
        "model": "submissions.agencycountries", 
        "fields": {
            "country": 10, 
            "agency": 27
        }
    }, 
    {
        "pk": 91, 
        "model": "submissions.agencycountries", 
        "fields": {
            "country": 11, 
            "agency": 28
        }
    }, 
    {
        "pk": 92, 
        "model": "submissions.agencycountries", 
        "fields": {
            "country": 9, 
            "agency": 28
        }
    }, 
    {
        "pk": 93, 
        "model": "submissions.agencycountries", 
        "fields": {
            "country": 3, 
            "agency": 28
        }
    }, 
    {
        "pk": 94, 
        "model": "submissions.agencycountries", 
        "fields": {
            "country": 2, 
            "agency": 28
        }
    }, 
    {
        "pk": 95, 
        "model": "submissions.agencycountries", 
        "fields": {
            "country": 4, 
            "agency": 28
        }
    }, 
    {
        "pk": 96, 
        "model": "submissions.agencycountries", 
        "fields": {
            "country": 6, 
            "agency": 28
        }
    }, 
    {
        "pk": 97, 
        "model": "submissions.agencycountries", 
        "fields": {
            "country": 8, 
            "agency": 28
        }
    }, 
    {
        "pk": 98, 
        "model": "submissions.agencycountries", 
        "fields": {
            "country": 1, 
            "agency": 28
        }
    }, 
    {
        "pk": 99, 
        "model": "submissions.agencycountries", 
        "fields": {
            "country": 5, 
            "agency": 28
        }
    }, 
    {
        "pk": 100, 
        "model": "submissions.agencycountries", 
        "fields": {
            "country": 10, 
            "agency": 28
        }
    }, 
    {
        "pk": 101, 
        "model": "submissions.agencycountries", 
        "fields": {
            "country": 11, 
            "agency": 29
        }
    }, 
    {
        "pk": 102, 
        "model": "submissions.agencycountries", 
        "fields": {
            "country": 9, 
            "agency": 29
        }
    }, 
    {
        "pk": 103, 
        "model": "submissions.agencycountries", 
        "fields": {
            "country": 3, 
            "agency": 29
        }
    }, 
    {
        "pk": 104, 
        "model": "submissions.agencycountries", 
        "fields": {
            "country": 2, 
            "agency": 29
        }
    }, 
    {
        "pk": 105, 
        "model": "submissions.agencycountries", 
        "fields": {
            "country": 4, 
            "agency": 29
        }
    }, 
    {
        "pk": 106, 
        "model": "submissions.agencycountries", 
        "fields": {
            "country": 6, 
            "agency": 29
        }
    }, 
    {
        "pk": 107, 
        "model": "submissions.agencycountries", 
        "fields": {
            "country": 8, 
            "agency": 29
        }
    }, 
    {
        "pk": 108, 
        "model": "submissions.agencycountries", 
        "fields": {
            "country": 1, 
            "agency": 29
        }
    }, 
    {
        "pk": 109, 
        "model": "submissions.agencycountries", 
        "fields": {
            "country": 5, 
            "agency": 29
        }
    }, 
    {
        "pk": 110, 
        "model": "submissions.agencycountries", 
        "fields": {
            "country": 10, 
            "agency": 29
        }
    }, 
    {
        "pk": 112, 
        "model": "submissions.agencycountries", 
        "fields": {
            "country": 9, 
            "agency": 21
        }
    }, 
    {
        "pk": 115, 
        "model": "submissions.agencycountries", 
        "fields": {
            "country": 4, 
            "agency": 3
        }
    }, 
    {
        "pk": 116, 
        "model": "submissions.agencycountries", 
        "fields": {
            "country": 2, 
            "agency": 40
        }
    }, 
    {
        "pk": 117, 
        "model": "submissions.agencycountries", 
        "fields": {
            "country": 3, 
            "agency": 40
        }
    }, 
    {
        "pk": 118, 
        "model": "submissions.agencycountries", 
        "fields": {
            "country": 9, 
            "agency": 40
        }
    }, 
    {
        "pk": 119, 
        "model": "submissions.agencycountries", 
        "fields": {
            "country": 11, 
            "agency": 40
        }
    }, 
    {
        "pk": 120, 
        "model": "submissions.agencycountries", 
        "fields": {
            "country": 8, 
            "agency": 41
        }
    }, 
    {
        "pk": 121, 
        "model": "submissions.agencycountries", 
        "fields": {
            "country": 6, 
            "agency": 41
        }
    }, 
    {
        "pk": 122, 
        "model": "submissions.agencycountries", 
        "fields": {
            "country": 4, 
            "agency": 41
        }
    }, 
    {
        "pk": 123, 
        "model": "submissions.agencycountries", 
        "fields": {
            "country": 9, 
            "agency": 41
        }
    }, 
    {
        "pk": 124, 
        "model": "submissions.agencycountries", 
        "fields": {
            "country": 2, 
            "agency": 42
        }
    }, 
    {
        "pk": 125, 
        "model": "submissions.agencycountries", 
        "fields": {
            "country": 6, 
            "agency": 42
        }
    }, 
    {
        "pk": 126, 
        "model": "submissions.agencycountries", 
        "fields": {
            "country": 9, 
            "agency": 42
        }
    }, 
    {
        "pk": 127, 
        "model": "submissions.agencycountries", 
        "fields": {
            "country": 1, 
            "agency": 42
        }
    }, 
    {
        "pk": 128, 
        "model": "submissions.agencycountries", 
        "fields": {
            "country": 11, 
            "agency": 42
        }
    }, 
    {
        "pk": 129, 
        "model": "submissions.agencycountries", 
        "fields": {
            "country": 8, 
            "agency": 43
        }
    }, 
    {
        "pk": 130, 
        "model": "submissions.agencycountries", 
        "fields": {
            "country": 6, 
            "agency": 43
        }
    }, 
    {
        "pk": 131, 
        "model": "submissions.agencycountries", 
        "fields": {
            "country": 9, 
            "agency": 43
        }
    }, 
    {
        "pk": 132, 
        "model": "submissions.agencycountries", 
        "fields": {
            "country": 10, 
            "agency": 43
        }
    }, 
    {
        "pk": 133, 
        "model": "submissions.agencycountries", 
        "fields": {
            "country": 8, 
            "agency": 44
        }
    }, 
    {
        "pk": 134, 
        "model": "submissions.agencycountries", 
        "fields": {
            "country": 6, 
            "agency": 44
        }
    }, 
    {
        "pk": 135, 
        "model": "submissions.agencycountries", 
        "fields": {
            "country": 4, 
            "agency": 44
        }
    }, 
    {
        "pk": 136, 
        "model": "submissions.agencycountries", 
        "fields": {
            "country": 9, 
            "agency": 44
        }
    }, 
    {
        "pk": 137, 
        "model": "submissions.agencycountries", 
        "fields": {
            "country": 1, 
            "agency": 45
        }
    }, 
    {
        "pk": 138, 
        "model": "submissions.agencycountries", 
        "fields": {
            "country": 6, 
            "agency": 45
        }
    }, 
    {
        "pk": 139, 
        "model": "submissions.agencycountries", 
        "fields": {
            "country": 3, 
            "agency": 45
        }
    }, 
    {
        "pk": 140, 
        "model": "submissions.agencycountries", 
        "fields": {
            "country": 9, 
            "agency": 45
        }
    }, 
    {
        "pk": 141, 
        "model": "submissions.agencycountries", 
        "fields": {
            "country": 11, 
            "agency": 45
        }
    }, 
    {
        "pk": 142, 
        "model": "submissions.agencycountries", 
        "fields": {
            "country": 17, 
            "agency": 28
        }
    }, 
    {
        "pk": 143, 
        "model": "submissions.agencycountries", 
        "fields": {
            "country": 12, 
            "agency": 46
        }
    }, 
    {
        "pk": 144, 
        "model": "submissions.agencycountries", 
        "fields": {
            "country": 4, 
            "agency": 46
        }
    }, 
    {
        "pk": 145, 
        "model": "submissions.agencycountries", 
        "fields": {
            "country": 2, 
            "agency": 46
        }
    }, 
    {
        "pk": 146, 
        "model": "submissions.agencycountries", 
        "fields": {
            "country": 16, 
            "agency": 46
        }
    }, 
    {
        "pk": 147, 
        "model": "submissions.agencycountries", 
        "fields": {
            "country": 17, 
            "agency": 46
        }
    }, 
    {
        "pk": 148, 
        "model": "submissions.agencycountries", 
        "fields": {
            "country": 20, 
            "agency": 46
        }
    }, 
    {
        "pk": 149, 
        "model": "submissions.agencycountries", 
        "fields": {
            "country": 12, 
            "agency": 3
        }
    }, 
    {
        "pk": 150, 
        "model": "submissions.agencycountries", 
        "fields": {
            "country": 10, 
            "agency": 3
        }
    }, 
    {
        "pk": 151, 
        "model": "submissions.agencycountries", 
        "fields": {
            "country": 15, 
            "agency": 3
        }
    }, 
    {
        "pk": 152, 
        "model": "submissions.agencycountries", 
        "fields": {
            "country": 16, 
            "agency": 3
        }
    }, 
    {
        "pk": 153, 
        "model": "submissions.agencycountries", 
        "fields": {
            "country": 20, 
            "agency": 3
        }
    }, 
    {
        "pk": 154, 
        "model": "submissions.agencycountries", 
        "fields": {
            "country": 12, 
            "agency": 6
        }
    }, 
    {
        "pk": 155, 
        "model": "submissions.agencycountries", 
        "fields": {
            "country": 14, 
            "agency": 6
        }
    }, 
    {
        "pk": 156, 
        "model": "submissions.agencycountries", 
        "fields": {
            "country": 15, 
            "agency": 6
        }
    }, 
    {
        "pk": 157, 
        "model": "submissions.agencycountries", 
        "fields": {
            "country": 17, 
            "agency": 6
        }
    }, 
    {
        "pk": 158, 
        "model": "submissions.agencycountries", 
        "fields": {
            "country": 18, 
            "agency": 6
        }
    }, 
    {
        "pk": 159, 
        "model": "submissions.agencycountries", 
        "fields": {
            "country": 16, 
            "agency": 6
        }
    }, 
    {
        "pk": 160, 
        "model": "submissions.agencycountries", 
        "fields": {
            "country": 19, 
            "agency": 6
        }
    }, 
    {
        "pk": 161, 
        "model": "submissions.agencycountries", 
        "fields": {
            "country": 20, 
            "agency": 6
        }
    }, 
    {
        "pk": 162, 
        "model": "submissions.agencycountries", 
        "fields": {
            "country": 1, 
            "agency": 47
        }
    }, 
    {
        "pk": 163, 
        "model": "submissions.agencycountries", 
        "fields": {
            "country": 15, 
            "agency": 47
        }
    }, 
    {
        "pk": 164, 
        "model": "submissions.agencycountries", 
        "fields": {
            "country": 12, 
            "agency": 7
        }
    }, 
    {
        "pk": 165, 
        "model": "submissions.agencycountries", 
        "fields": {
            "country": 13, 
            "agency": 7
        }
    }, 
    {
        "pk": 166, 
        "model": "submissions.agencycountries", 
        "fields": {
            "country": 14, 
            "agency": 7
        }
    }, 
    {
        "pk": 167, 
        "model": "submissions.agencycountries", 
        "fields": {
            "country": 15, 
            "agency": 7
        }
    }, 
    {
        "pk": 168, 
        "model": "submissions.agencycountries", 
        "fields": {
            "country": 16, 
            "agency": 7
        }
    }, 
    {
        "pk": 169, 
        "model": "submissions.agencycountries", 
        "fields": {
            "country": 17, 
            "agency": 7
        }
    }, 
    {
        "pk": 170, 
        "model": "submissions.agencycountries", 
        "fields": {
            "country": 18, 
            "agency": 7
        }
    }, 
    {
        "pk": 171, 
        "model": "submissions.agencycountries", 
        "fields": {
            "country": 19, 
            "agency": 7
        }
    }, 
    {
        "pk": 172, 
        "model": "submissions.agencycountries", 
        "fields": {
            "country": 20, 
            "agency": 7
        }
    }, 
    {
        "pk": 179, 
        "model": "submissions.agencycountries", 
        "fields": {
            "country": 1, 
            "agency": 21
        }
    }, 
    {
        "pk": 180, 
        "model": "submissions.agencycountries", 
        "fields": {
            "country": 2, 
            "agency": 21
        }
    }, 
    {
        "pk": 181, 
        "model": "submissions.agencycountries", 
        "fields": {
            "country": 3, 
            "agency": 21
        }
    }, 
    {
        "pk": 182, 
        "model": "submissions.agencycountries", 
        "fields": {
            "country": 6, 
            "agency": 21
        }
    }, 
    {
        "pk": 183, 
        "model": "submissions.agencycountries", 
        "fields": {
            "country": 18, 
            "agency": 21
        }
    }, 
    {
        "pk": 184, 
        "model": "submissions.agencycountries", 
        "fields": {
            "country": 20, 
            "agency": 21
        }
    }, 
    {
        "pk": 185, 
        "model": "submissions.agencycountries", 
        "fields": {
            "country": 4, 
            "agency": 20
        }
    }, 
    {
        "pk": 186, 
        "model": "submissions.agencycountries", 
        "fields": {
            "country": 6, 
            "agency": 20
        }
    }, 
    {
        "pk": 187, 
        "model": "submissions.agencycountries", 
        "fields": {
            "country": 8, 
            "agency": 20
        }
    }, 
    {
        "pk": 188, 
        "model": "submissions.agencycountries", 
        "fields": {
            "country": 9, 
            "agency": 20
        }
    }, 
    {
        "pk": 189, 
        "model": "submissions.agencycountries", 
        "fields": {
            "country": 13, 
            "agency": 22
        }
    }, 
    {
        "pk": 190, 
        "model": "submissions.agencycountries", 
        "fields": {
            "country": 14, 
            "agency": 22
        }
    }, 
    {
        "pk": 191, 
        "model": "submissions.agencycountries", 
        "fields": {
            "country": 2, 
            "agency": 23
        }
    }, 
    {
        "pk": 192, 
        "model": "submissions.agencycountries", 
        "fields": {
            "country": 20, 
            "agency": 23
        }
    }, 
    {
        "pk": 193, 
        "model": "submissions.agencycountries", 
        "fields": {
            "country": 12, 
            "agency": 25
        }
    }, 
    {
        "pk": 194, 
        "model": "submissions.agencycountries", 
        "fields": {
            "country": 13, 
            "agency": 25
        }
    }, 
    {
        "pk": 195, 
        "model": "submissions.agencycountries", 
        "fields": {
            "country": 14, 
            "agency": 25
        }
    }, 
    {
        "pk": 196, 
        "model": "submissions.agencycountries", 
        "fields": {
            "country": 15, 
            "agency": 25
        }
    }, 
    {
        "pk": 197, 
        "model": "submissions.agencycountries", 
        "fields": {
            "country": 16, 
            "agency": 25
        }
    }, 
    {
        "pk": 198, 
        "model": "submissions.agencycountries", 
        "fields": {
            "country": 17, 
            "agency": 25
        }
    }, 
    {
        "pk": 199, 
        "model": "submissions.agencycountries", 
        "fields": {
            "country": 18, 
            "agency": 25
        }
    }, 
    {
        "pk": 200, 
        "model": "submissions.agencycountries", 
        "fields": {
            "country": 19, 
            "agency": 25
        }
    }, 
    {
        "pk": 201, 
        "model": "submissions.agencycountries", 
        "fields": {
            "country": 20, 
            "agency": 25
        }
    }, 
    {
        "pk": 202, 
        "model": "submissions.agencycountries", 
        "fields": {
            "country": 8, 
            "agency": 27
        }
    }, 
    {
        "pk": 203, 
        "model": "submissions.agencycountries", 
        "fields": {
            "country": 11, 
            "agency": 27
        }
    }, 
    {
        "pk": 204, 
        "model": "submissions.agencycountries", 
        "fields": {
            "country": 12, 
            "agency": 27
        }
    }, 
    {
        "pk": 205, 
        "model": "submissions.agencycountries", 
        "fields": {
            "country": 13, 
            "agency": 27
        }
    }, 
    {
        "pk": 206, 
        "model": "submissions.agencycountries", 
        "fields": {
            "country": 14, 
            "agency": 27
        }
    }, 
    {
        "pk": 207, 
        "model": "submissions.agencycountries", 
        "fields": {
            "country": 15, 
            "agency": 27
        }
    }, 
    {
        "pk": 208, 
        "model": "submissions.agencycountries", 
        "fields": {
            "country": 16, 
            "agency": 27
        }
    }, 
    {
        "pk": 209, 
        "model": "submissions.agencycountries", 
        "fields": {
            "country": 17, 
            "agency": 27
        }
    }, 
    {
        "pk": 210, 
        "model": "submissions.agencycountries", 
        "fields": {
            "country": 18, 
            "agency": 27
        }
    }, 
    {
        "pk": 211, 
        "model": "submissions.agencycountries", 
        "fields": {
            "country": 19, 
            "agency": 27
        }
    }, 
    {
        "pk": 212, 
        "model": "submissions.agencycountries", 
        "fields": {
            "country": 20, 
            "agency": 27
        }
    }, 
    {
        "pk": 213, 
        "model": "submissions.agencycountries", 
        "fields": {
            "country": 12, 
            "agency": 26
        }
    }, 
    {
        "pk": 214, 
        "model": "submissions.agencycountries", 
        "fields": {
            "country": 13, 
            "agency": 26
        }
    }, 
    {
        "pk": 215, 
        "model": "submissions.agencycountries", 
        "fields": {
            "country": 14, 
            "agency": 26
        }
    }, 
    {
        "pk": 216, 
        "model": "submissions.agencycountries", 
        "fields": {
            "country": 15, 
            "agency": 26
        }
    }, 
    {
        "pk": 217, 
        "model": "submissions.agencycountries", 
        "fields": {
            "country": 16, 
            "agency": 26
        }
    }, 
    {
        "pk": 218, 
        "model": "submissions.agencycountries", 
        "fields": {
            "country": 17, 
            "agency": 26
        }
    }, 
    {
        "pk": 219, 
        "model": "submissions.agencycountries", 
        "fields": {
            "country": 18, 
            "agency": 26
        }
    }, 
    {
        "pk": 220, 
        "model": "submissions.agencycountries", 
        "fields": {
            "country": 19, 
            "agency": 26
        }
    }, 
    {
        "pk": 221, 
        "model": "submissions.agencycountries", 
        "fields": {
            "country": 20, 
            "agency": 26
        }
    }, 
    {
        "pk": 222, 
        "model": "submissions.agencycountries", 
        "fields": {
            "country": 12, 
            "agency": 28
        }
    }, 
    {
        "pk": 223, 
        "model": "submissions.agencycountries", 
        "fields": {
            "country": 13, 
            "agency": 28
        }
    }, 
    {
        "pk": 224, 
        "model": "submissions.agencycountries", 
        "fields": {
            "country": 14, 
            "agency": 28
        }
    }, 
    {
        "pk": 225, 
        "model": "submissions.agencycountries", 
        "fields": {
            "country": 15, 
            "agency": 28
        }
    }, 
    {
        "pk": 226, 
        "model": "submissions.agencycountries", 
        "fields": {
            "country": 16, 
            "agency": 28
        }
    }, 
    {
        "pk": 227, 
        "model": "submissions.agencycountries", 
        "fields": {
            "country": 18, 
            "agency": 28
        }
    }, 
    {
        "pk": 228, 
        "model": "submissions.agencycountries", 
        "fields": {
            "country": 19, 
            "agency": 28
        }
    }, 
    {
        "pk": 229, 
        "model": "submissions.agencycountries", 
        "fields": {
            "country": 20, 
            "agency": 28
        }
    }, 
    {
        "pk": 230, 
        "model": "submissions.agencycountries", 
        "fields": {
            "country": 15, 
            "agency": 24
        }
    }, 
    {
        "pk": 231, 
        "model": "submissions.agencycountries", 
        "fields": {
            "country": 17, 
            "agency": 24
        }
    }, 
    {
        "pk": 232, 
        "model": "submissions.agencycountries", 
        "fields": {
            "country": 20, 
            "agency": 24
        }
    }, 
    {
        "pk": 233, 
        "model": "submissions.agencycountries", 
        "fields": {
            "country": 12, 
            "agency": 29
        }
    }, 
    {
        "pk": 234, 
        "model": "submissions.agencycountries", 
        "fields": {
            "country": 13, 
            "agency": 29
        }
    }, 
    {
        "pk": 235, 
        "model": "submissions.agencycountries", 
        "fields": {
            "country": 14, 
            "agency": 29
        }
    }, 
    {
        "pk": 236, 
        "model": "submissions.agencycountries", 
        "fields": {
            "country": 16, 
            "agency": 29
        }
    }, 
    {
        "pk": 237, 
        "model": "submissions.agencycountries", 
        "fields": {
            "country": 17, 
            "agency": 29
        }
    }, 
    {
        "pk": 238, 
        "model": "submissions.agencycountries", 
        "fields": {
            "country": 18, 
            "agency": 29
        }
    }, 
    {
        "pk": 239, 
        "model": "submissions.agencycountries", 
        "fields": {
            "country": 20, 
            "agency": 29
        }
    }
]
